City,Lat,Lng,Max Temp,Humidity,Cloudiness,Wind Speed,Country,Date
Atuona,-9.8,-139.0333,77.72,73,44,19.62,PF,1632174982
Batemans Bay,-35.7167,150.1833,50.13,50,12,7.76,AU,1632174983
Mataura,-46.1927,168.8643,45.37,97,100,0.96,NZ,1632174983
Hithadhoo,-0.6,73.0833,82.99,73,84,11.45,MV,1632174983
Nikolskoye,59.7035,30.7861,44.49,73,97,7.65,RU,1632174984
Faanui,-16.4833,-151.75,78.75,70,27,12.12,PF,1632174984
Beyneu,45.3167,55.2,61.41,37,75,13.38,KZ,1632174985
Invermere,50.5167,-116.0354,59.05,43,89,1.03,CA,1632174985
Carutapera,-1.195,-46.02,79.21,74,15,9.4,BR,1632174985
Egvekinot,66.3167,-179.1667,25.52,61,7,4.41,RU,1632174986
Albany,42.6001,-73.9662,70.41,69,25,5.3,US,1632174987
Meulaboh,4.1363,96.1285,75.09,89,94,2.21,ID,1632174987
Hobart,-42.8794,147.3294,46.26,57,75,12.66,AU,1632174988
Port Elizabeth,-33.918,25.5701,53.89,82,75,19.57,ZA,1632174988
Chara,56.9064,118.2631,43.47,74,21,0.69,RU,1632174989
Westport,41.1415,-73.3579,72.73,58,11,10.13,US,1632174949
Rikitea,-23.1203,-134.9692,74.05,76,7,14.58,PF,1632174989
Kapaa,22.0752,-159.319,82.72,69,75,13.8,US,1632174990
Cidreira,-30.1811,-50.2056,66.42,97,71,4.16,BR,1632174990
Kantang,7.4054,99.5156,75.02,93,98,2.77,TH,1632174991
Hilo,19.7297,-155.09,80.33,61,20,6.91,US,1632174755
Jamestown,42.097,-79.2353,76.64,69,75,8.05,US,1632174844
Port Alfred,-33.5906,26.891,56.57,65,16,28.68,ZA,1632174991
Lompoc,34.6391,-120.4579,91.54,53,6,6.85,US,1632174992
Maturin,9.75,-63.1767,81.84,76,100,5.06,VE,1632174993
Provideniya,64.3833,-173.3,33.91,64,0,6.71,RU,1632174993
Vaini,-21.2,-175.2,71.76,88,75,9.22,TO,1632174994
Ilulissat,69.2167,-51.1,22.89,73,100,5.3,GL,1632174994
Busselton,-33.65,115.3333,50.81,63,0,9.28,AU,1632174994
Saint-Philippe,-21.3585,55.7679,67.59,81,98,14.2,RE,1632174995
São Gabriel da Cachoeira,-0.1303,-67.0892,82.67,73,100,1.9,BR,1632174996
Saint Paul Harbor,57.79,-152.4072,52.45,67,78,14.41,US,1632174996
Aykhal,66.0,111.5,33.4,81,100,6.71,RU,1632174996
Richards Bay,-28.783,32.0377,66.96,84,99,16.42,ZA,1632174997
Mikkeli,61.6886,27.2723,37.51,87,75,3.44,FI,1632174741
Sur,22.5667,59.5289,84.61,68,1,10.6,OM,1632174998
Port Hardy,50.6996,-127.4199,55.58,88,90,16.11,CA,1632174998
Waingapu,-9.6567,120.2641,77.16,78,99,5.57,ID,1632174999
Mar del Plata,-38.0023,-57.5575,53.62,71,0,13.8,AR,1632174851
San Jose,37.3394,-121.895,90.28,16,20,6.91,US,1632174738
Sitka,57.0531,-135.33,55.29,82,90,10.36,US,1632175000
Guerrero,17.6667,-100.0,75.51,84,82,1.86,MX,1632175001
Usinsk,65.9939,57.5281,35.29,88,100,12.59,RU,1632175001
Ushuaia,-54.8,-68.3,46.06,66,90,9.22,AR,1632174894
Alyangula,-13.8483,136.4192,62.47,94,57,0.0,AU,1632175002
Ewo,-0.8725,14.8206,77.32,72,69,3.36,CG,1632175002
Markala,13.7021,-6.0659,85.15,54,54,8.9,ML,1632175003
Ribeira Grande,38.5167,-28.7,70.83,72,2,13.02,PT,1632175004
Lüderitz,-26.6481,15.1594,60.51,58,0,19.06,NA,1632175004
Varna,43.2167,27.9167,64.54,88,75,20.71,BG,1632175004
Bredasdorp,-34.5322,20.0403,47.52,76,5,5.75,ZA,1632175005
Gazli,40.1333,63.45,65.95,13,0,11.48,UZ,1632175005
Bluff,-46.6,168.3333,47.28,89,100,8.79,NZ,1632175006
Tabou,4.423,-7.3528,76.48,89,21,6.13,CI,1632175006
Punta Arenas,-53.15,-70.9167,53.71,62,75,33.38,CL,1632174773
Pisco,-13.7,-76.2167,64.45,72,10,10.36,PE,1632175007
Cruzeiro do Sul,-29.5128,-51.9853,73.89,96,68,1.99,BR,1632175007
Jining,35.405,116.5814,62.24,94,0,6.8,CN,1632175008
Kensington,-33.9167,151.2167,51.66,43,40,21.85,AU,1632175008
Dhārchula,29.85,80.5333,70.0,95,99,0.51,IN,1632175009
Fortuna,40.5982,-124.1573,67.12,59,1,16.11,US,1632175009
Lima,-12.0432,-77.0282,62.85,72,40,10.36,PE,1632174987
Paamiut,61.994,-49.6678,35.49,77,6,28.32,GL,1632175010
Puerto Ayora,-0.7393,-90.3518,78.76,81,91,11.68,EC,1632175010
Lorengau,-2.0226,147.2712,80.29,79,100,2.39,PG,1632175011
Hermanus,-34.4187,19.2345,52.36,65,4,5.48,ZA,1632175012
Barrow,71.2906,-156.7887,32.02,69,75,12.66,US,1632175012
Bac Giang,21.2667,106.2,77.07,92,4,2.35,VN,1632174758
Kuopio,62.8924,27.677,40.95,75,90,9.22,FI,1632175013
Avarua,-21.2078,-159.775,78.85,78,75,10.36,CK,1632175014
Fairbanks,64.8378,-147.7164,35.6,55,75,5.75,US,1632175014
Bethel,41.3712,-73.414,71.71,65,16,7.76,US,1632175015
Katiola,8.1333,-5.1,73.42,89,24,3.69,CI,1632175015
Port Lincoln,-34.7333,135.8667,52.3,64,91,14.25,AU,1632175016
Faya,18.3851,42.4509,69.91,30,1,3.06,SA,1632175016
Carnarvon,-24.8667,113.6333,57.27,47,0,5.75,AU,1632175017
Quatre Cocos,-20.2078,57.7625,69.91,74,32,16.58,MU,1632175017
Napāsar,27.9667,73.55,87.94,63,46,6.2,IN,1632175018
Piaçabuçu,-10.4056,-36.4344,74.01,76,77,7.47,BR,1632175018
Fare,-16.7,-151.0167,78.67,71,6,14.2,PF,1632175019
Tazovsky,67.4667,78.7,33.39,76,100,14.54,RU,1632175019
Gumdag,39.2061,54.5906,74.16,23,0,22.48,TM,1632175020
Tuktoyaktuk,69.4541,-133.0374,42.8,81,90,13.8,CA,1632175020
Sibolga,1.7427,98.7792,75.38,83,99,3.18,ID,1632175021
Odesa,46.4775,30.7326,55.33,88,75,4.47,UA,1632175021
Tromsø,69.6496,18.957,44.62,53,0,9.22,NO,1632175022
Isangel,-19.55,169.2667,78.91,65,75,9.22,VU,1632175022
Port Blair,11.6667,92.75,80.29,84,100,9.28,IN,1632175023
Kafanchan,9.5833,8.3,68.95,89,35,1.54,NG,1632175023
Norcross,33.9412,-84.2135,73.49,100,90,0.0,US,1632174796
Tadine,-21.55,167.8833,71.65,61,100,13.85,NC,1632175024
Magway,20.15,94.9167,76.17,91,99,1.54,MM,1632175025
Prince Rupert,54.3161,-130.3201,55.09,90,90,12.66,CA,1632175025
George Town,5.4112,100.3354,78.73,94,20,2.3,MY,1632174962
Torbay,47.6666,-52.7314,45.37,76,75,24.16,CA,1632175026
Yellowknife,62.456,-114.3525,46.92,81,75,6.91,CA,1632175026
Cooma,-36.2333,149.1333,35.37,93,75,17.27,AU,1632175026
Wheatley,51.7473,-1.1394,59.92,82,20,1.14,GB,1632175027
Talakan,50.3167,130.3667,46.27,80,100,4.21,RU,1632175027
Eureka,40.8021,-124.1637,67.39,65,2,9.17,US,1632175028
Khatanga,71.9667,102.5,30.56,98,92,0.67,RU,1632175029
College,64.8569,-147.8028,35.58,55,75,5.75,US,1632175029
Glenwood Springs,39.5505,-107.3248,60.03,42,1,9.22,US,1632175030
Ugoofaaru,5.6667,73.0,82.33,74,56,9.04,MV,1632175030
Kahului,20.8947,-156.47,80.42,66,56,11.12,US,1632175030
Vilyaka,57.1846,27.6722,39.94,98,100,9.66,LV,1632175031
Cherskiy,68.75,161.3,28.2,66,89,5.77,RU,1632175031
Mauá,-23.6678,-46.4614,91.69,61,13,2.82,BR,1632175032
Kenai,60.5544,-151.2583,51.89,71,90,14.97,US,1632174749
Tiksi,71.6872,128.8694,32.79,72,100,5.32,RU,1632175032
Hasaki,35.7333,140.8333,64.8,64,46,7.92,JP,1632175033
Mogadouro,41.3403,-6.7119,56.25,57,56,16.31,PT,1632175033
Vila do Maio,15.1333,-23.2167,81.39,88,90,9.64,CV,1632175034
Pevek,69.7008,170.3133,26.74,82,95,3.13,RU,1632175034
Vera Cruz,-12.6333,-41.0333,78.93,40,99,8.34,BR,1632175035
Butaritari,3.0707,172.7902,82.8,72,87,14.79,KI,1632175035
Grenville,12.1167,-61.6167,86.05,70,86,10.76,GD,1632175036
Bengkulu,-3.8004,102.2655,76.06,89,96,3.02,ID,1632175036
New Norfolk,-42.7826,147.0587,45.9,84,69,4.12,AU,1632175036
Zaysan,47.4667,84.8667,40.1,37,1,5.35,KZ,1632175037
Upata,8.0086,-62.3989,74.68,90,91,3.36,VE,1632175037
Sinegor'ye,62.0788,150.477,26.82,95,100,5.12,RU,1632175038
Nanortalik,60.1432,-45.2371,37.98,70,2,11.23,GL,1632175038
Lapa,-25.7697,-49.7158,82.38,62,8,2.91,BR,1632175039
Dingle,10.9995,122.6711,74.55,95,95,0.78,PH,1632175039
Nuuk,64.1835,-51.7216,34.97,70,21,10.83,GL,1632175040
Conceição do Araguaia,-8.2578,-49.2647,94.21,17,99,2.77,BR,1632175040
Akureyri,65.6835,-18.0878,44.53,76,75,8.05,IS,1632174779
Barcelona,41.3888,2.159,63.91,77,40,5.75,ES,1632174766
Chui,-33.6971,-53.4616,59.65,95,82,15.14,UY,1632175041
Kruisfontein,-34.0033,24.7314,55.72,54,77,19.06,ZA,1632175041
Tigzirt,36.8886,4.1198,73.4,80,31,12.5,DZ,1632175042
Lavrentiya,65.5833,-171.0,34.57,63,13,7.05,RU,1632175042
Luanda,-8.8368,13.2343,71.55,87,7,11.21,AO,1632175043
Zhenlai,45.8495,123.2973,54.7,96,100,16.37,CN,1632175043
Buckeye,33.3703,-112.5838,97.41,11,1,5.75,US,1632175000
Yangi Marg`ilon,40.4272,71.7189,63.32,51,0,6.91,UZ,1632175044
Bambous Virieux,-20.3428,57.7575,70.05,68,75,13.8,MU,1632175045
Baykit,61.67,96.37,39.13,91,100,7.58,RU,1632175045
Ahipara,-35.1667,173.1667,59.76,68,15,7.43,NZ,1632175046
Saskylakh,71.9167,114.0833,30.45,98,100,5.06,RU,1632175046
Tura,25.5198,90.2201,70.68,98,39,4.07,IN,1632175047
Kamenka,51.3223,42.7678,48.56,80,99,12.08,RU,1632175047
Parrita,9.5201,-84.3225,89.37,76,98,4.29,CR,1632175048
Beringovskiy,63.05,179.3167,42.21,95,100,7.16,RU,1632175048
Uvat,59.1433,68.8953,34.36,91,98,7.96,RU,1632175049
Ostrovnoy,68.0531,39.5131,35.87,85,60,11.99,RU,1632175049
Cape Town,-33.9258,18.4232,50.41,76,20,5.75,ZA,1632174782
Dikson,73.5069,80.5464,35.26,75,100,8.41,RU,1632175050
San Juan,-31.5375,-68.5364,61.47,29,0,19.04,AR,1632175051
Geraldton,-28.7667,114.6,59.41,55,0,9.22,AU,1632175051
Carballo,43.213,-8.691,60.49,92,3,5.41,ES,1632175052
Nampula,-15.1165,39.2666,66.15,77,0,3.44,MZ,1632175052
Kamaishi,39.2667,141.8833,66.25,82,4,7.25,JP,1632175053
Polovinnoye,54.7914,65.9864,38.05,79,62,9.06,RU,1632175053
Socorro,31.6546,-106.3033,94.19,20,0,15.5,US,1632175054
Tabuk,17.4189,121.4443,73.38,90,38,3.49,PH,1632175054
Igarassu,-7.8342,-34.9064,77.02,71,36,9.01,BR,1632175055
Wencheng,33.0559,113.7978,69.13,83,0,11.99,CN,1632175055
Kaitangata,-46.2817,169.8464,50.22,75,100,6.26,NZ,1632175055
Honningsvåg,70.9821,25.9704,43.7,69,10,31.45,NO,1632175056
Shigony,53.3875,48.6777,48.67,49,100,10.6,RU,1632175056
Esperance,-33.8667,121.9,42.64,87,11,12.33,AU,1632175057
Yichang,30.7144,111.2847,67.64,88,0,5.57,CN,1632175057
Shache,38.4167,77.2406,75.16,14,90,6.82,CN,1632175058
Dukat,62.55,155.55,37.27,98,100,5.5,RU,1632175058
Sola,-13.8833,167.55,79.47,78,90,9.22,VU,1632175059
Mossamedes,-15.1961,12.1522,63.07,81,10,5.35,AO,1632175059
Qaanaaq,77.484,-69.3632,14.38,72,90,8.72,GL,1632175060
Kotma,23.2,81.9667,73.38,91,5,2.01,IN,1632175060
Alofi,-19.0595,-169.9187,80.49,78,75,8.05,NU,1632175060
Kaeo,-35.1,173.7833,59.41,69,9,5.75,NZ,1632175061
Yeppoon,-23.1333,150.7333,67.78,73,35,6.91,AU,1632175061
Makkah al Mukarramah,21.4267,39.8261,90.16,33,89,4.59,SA,1632175062
Bariloche,-41.1456,-71.3082,60.55,59,0,5.75,AR,1632175063
Vardø,70.3705,31.1107,43.0,73,43,25.9,NO,1632175063
Barcelos,41.5388,-8.6151,66.34,69,0,7.85,PT,1632175064
Saldanha,-33.0117,17.9442,48.25,66,0,18.23,ZA,1632175064
Souillac,-20.5167,57.5167,70.18,68,75,13.8,MU,1632175065
Vila Franca do Campo,37.7167,-25.4333,68.41,85,15,9.55,PT,1632175065
Bathsheba,13.2167,-59.5167,86.61,66,40,9.22,BB,1632175065
Salalah,17.0151,54.0924,79.63,82,13,3.62,OM,1632175066
Severo-Kuril'sk,50.6789,156.125,48.79,80,44,29.86,RU,1632175066
Frankfort,-27.2667,28.4833,55.33,22,0,4.14,ZA,1632175067
Ust-Nera,64.5667,143.2,29.21,76,35,5.75,RU,1632175068
Lebu,-37.6167,-73.65,51.42,79,0,21.41,CL,1632175068
Moose Factory,51.2585,-80.6094,84.2,54,1,13.8,CA,1632175069
Udachny,66.4167,112.4,35.17,66,100,7.14,RU,1632175069
Ko Samui,9.5357,99.9357,80.82,79,100,15.03,TH,1632175070
San Rafael,-34.6177,-68.3301,61.57,23,8,9.15,AR,1632175070
Tasiilaq,65.6145,-37.6368,28.36,76,70,8.08,GL,1632175071
Ancud,-41.8697,-73.8203,53.13,73,3,3.09,CL,1632175071
Ayan,56.45,138.1667,43.72,60,28,16.24,RU,1632175072
Sazonovo,59.0919,35.2268,37.71,78,100,9.37,RU,1632175073
Bilma,18.6853,12.9164,87.96,13,0,5.14,NE,1632175073
Imeni Poliny Osipenko,52.4201,136.4853,47.34,82,79,4.03,RU,1632175073
Bubaque,11.2833,-15.8333,81.86,83,100,12.64,GW,1632175074
Clarence Town,-32.5833,151.7833,55.31,56,7,10.47,AU,1632175074
Ponta do Sol,32.6667,-17.1,72.23,80,37,4.68,PT,1632175076
Aswān,24.0934,32.907,90.7,17,0,9.22,EG,1632175076
Khovd,48.0056,91.6419,45.39,25,1,5.91,MN,1632175077
Båtsfjord,70.6345,29.7185,43.02,77,29,23.31,NO,1632175077
Fukuechō,32.6881,128.8419,77.61,80,3,14.58,JP,1632175078
Ranong,9.9658,98.6348,76.82,90,100,6.31,TH,1632175078
Vestmanna,62.1564,-7.1664,50.92,76,75,27.63,FO,1632175079
Beloha,-25.1667,45.05,63.86,74,0,8.88,MG,1632175079
Saint George,37.1041,-113.5841,88.27,16,0,1.01,US,1632175080
Tessalit,20.1986,1.0114,93.25,9,0,9.13,ML,1632175081
Half Moon Bay,37.4636,-122.4286,87.71,60,1,16.11,US,1632175081
Guerrero Negro,27.9769,-114.0611,80.02,48,0,12.35,MX,1632175082
Chicama,-7.8447,-79.1469,63.14,68,5,9.01,PE,1632175082
Sigiriya,7.9518,80.7426,75.87,85,70,9.57,LK,1632175083
Codrington,-38.2667,141.9667,49.42,56,98,18.25,AU,1632175083
Acapulco de Juárez,16.8634,-99.8901,84.42,71,86,6.69,MX,1632175083
Port Macquarie,-31.4333,152.9167,51.76,54,69,14.41,AU,1632175069
Naze,28.3667,129.4833,68.92,79,0,0.83,JP,1632175084
Los Llanos de Aridane,28.6585,-17.9182,71.35,69,75,11.5,ES,1632175084
East London,-33.0153,27.9116,58.55,48,55,23.67,ZA,1632175085
Motomachi,43.8228,144.1044,56.8,82,89,5.32,JP,1632175086
Airai,-8.9266,125.4092,58.35,62,93,4.16,TL,1632175086
Iquique,-20.2208,-70.1431,59.04,78,78,3.98,CL,1632174838
Broome,42.2506,-75.833,72.37,69,15,6.11,US,1632175087
Norman Wells,65.282,-126.8329,53.64,54,20,13.8,CA,1632175087
Itarema,-2.9248,-39.9167,78.62,80,10,15.61,BR,1632175088
Nhulunbuy,-12.2333,136.7667,77.61,83,40,8.05,AU,1632174917
Denham Springs,30.4869,-90.9562,89.46,66,33,1.59,US,1632175089
Tuatapere,-46.1333,167.6833,46.27,89,100,5.46,NZ,1632175089
Solomenskoye,44.2167,44.3528,62.65,61,38,1.23,RU,1632175090
Cayenne,4.9333,-52.3333,84.24,74,75,4.61,GF,1632175090
Catemaco,18.4167,-95.1167,82.63,77,92,3.18,MX,1632175091
Yulara,-25.2406,130.9889,51.64,37,1,12.66,AU,1632175091
Nome,64.5011,-165.4064,38.98,52,32,14.32,US,1632175091
Longyearbyen,78.2186,15.6401,42.64,93,90,1.14,SJ,1632175092
Hong Kong,22.2855,114.1577,84.18,80,38,2.62,HK,1632174946
Korsholm,63.1142,21.6822,30.15,100,0,2.3,FI,1632175092
San Quintín,30.4833,-115.95,74.28,62,1,10.0,MX,1632174926
Sawtell,-30.3833,153.1,62.92,67,43,10.36,AU,1632175093
Touros,-5.1989,-35.4608,79.7,72,74,16.73,BR,1632175094
Te Anau,-45.4167,167.7167,43.48,98,100,1.14,NZ,1632175094
Sukumo,32.9333,132.7333,72.93,85,36,7.78,JP,1632175095
Aktash,50.3,87.7333,22.03,74,6,3.67,RU,1632175095
Upernavik,72.7868,-56.1549,27.81,77,100,5.91,GL,1632175096
Mehamn,71.0357,27.8492,41.77,69,19,19.66,NO,1632175096
Trairi,-3.2778,-39.2689,78.46,78,10,11.32,BR,1632174956
Orlovka,44.6914,44.1744,65.41,67,85,2.73,RU,1632175097
Maragogi,-9.0122,-35.2225,75.07,72,51,8.95,BR,1632175097
Vysokogornyy,50.1167,139.15,44.73,73,92,2.17,RU,1632175098
Tynda,55.1667,124.7167,39.94,97,1,1.66,RU,1632175098
Padang,-0.9492,100.3543,73.45,88,77,3.58,ID,1632175099
Avera,33.194,-82.5271,76.51,96,100,11.45,US,1632175099
Zambezi,-13.5432,23.1047,69.49,21,1,5.53,ZM,1632175100
Labuhan,-6.8844,112.2051,77.5,83,100,5.55,ID,1632175100
Khani,41.9563,42.9566,53.17,83,0,6.02,GE,1632175101
Kindu,-2.95,25.95,73.17,82,97,2.59,CD,1632175101
Santa Quitéria,-4.3319,-40.1567,88.54,35,56,5.68,BR,1632175102
Marzuq,14.4,46.4667,78.42,59,100,5.06,YE,1632175102
Grand Forks,47.9417,-97.4337,62.28,38,100,12.77,US,1632175103
Santa Fe,-31.6333,-60.7,70.05,56,31,14.38,AR,1632175103
Den Helder,52.9599,4.7593,60.78,67,75,5.75,NL,1632175104
Abu Kamal,34.4506,40.9171,83.25,30,0,11.72,SY,1632175104
Ketchikan,55.3422,-131.6461,51.67,94,100,15.03,US,1632175057
Cockburn Town,21.4612,-71.1419,85.96,66,40,12.66,TC,1632175105
Dawlatabad,36.4141,64.9053,68.32,24,0,4.52,AF,1632175105
Chizhou,30.6578,117.4831,65.5,90,0,4.83,CN,1632175106
Fort-Shevchenko,44.5086,50.263,69.85,49,93,14.36,KZ,1632175106
Saint-Joseph,-21.3667,55.6167,66.58,80,85,13.96,RE,1632175107
São Filipe,14.8961,-24.4956,80.31,83,43,3.22,CV,1632175108
Vila Velha,-20.3297,-40.2925,75.15,78,40,9.22,BR,1632174920
Chazuta,-6.5742,-76.1367,97.65,68,88,0.78,PE,1632175108
Umluj,25.0213,37.2685,88.72,48,56,8.39,SA,1632175109
Solnechnyy,50.7214,136.6319,47.71,72,72,3.98,RU,1632175109
Nara,34.6851,135.8049,72.72,77,0,6.04,JP,1632175110
Pecos,31.4229,-103.4932,100.49,16,1,11.5,US,1632175110
Yerbogachën,61.2767,108.0108,47.73,84,100,6.31,RU,1632175110
Ust-Tsilma,65.441,52.1498,33.82,91,98,4.25,RU,1632175111
Birin,26.8865,88.0718,60.44,92,9,3.27,NP,1632175111
San Policarpo,12.1791,125.5072,79.81,82,56,5.08,PH,1632175112
Raja,8.4596,25.678,69.73,96,22,3.74,SS,1632175112
Kidal,18.4411,1.4078,92.98,10,0,11.27,ML,1632175113
Arlit,18.7369,7.3853,93.38,10,0,9.35,NE,1632175113
Chiredzi,-21.05,31.6667,65.77,37,0,5.03,ZW,1632175114
Hamada,34.8833,132.0833,69.67,78,10,6.04,JP,1632175114
Vao,-22.6667,167.4833,69.84,64,94,18.25,NC,1632175115
Oranjemund,-28.55,16.4333,55.24,79,4,21.32,NA,1632175115
Laguna,38.421,-121.4238,89.42,17,1,8.05,US,1632175116
Nikel,69.4128,30.222,37.58,84,12,11.92,RU,1632175116
La Providencia,28.7167,-111.5833,95.25,44,2,12.84,MX,1632175117
Olafsvik,64.8945,-23.7142,44.8,74,95,5.57,IS,1632175117
Inhambane,-23.865,35.3833,68.04,74,2,10.71,MZ,1632175118
Moerai,-22.4333,-151.3333,74.8,79,7,10.76,PF,1632175118
Bud,39.447,-86.1758,78.85,82,87,16.04,US,1632175119
Doha,25.2867,51.5333,91.38,46,0,9.22,QA,1632175093
Warwick,41.7001,-71.4162,66.2,65,0,7.09,US,1632174966
Grodków,50.6984,17.3845,42.22,83,45,1.97,PL,1632175120
Cabedelo,-6.9811,-34.8339,77.67,74,38,14.27,BR,1632175120
Grand Island,40.925,-98.342,69.58,45,40,18.43,US,1632175082
Kitui,-1.367,38.0106,62.8,86,37,8.05,KE,1632175121
Clyde River,70.4692,-68.5914,30.43,80,20,12.66,CA,1632175121
Chifeng,42.2683,118.9636,53.71,90,100,20.78,CN,1632175121
Leh,34.1667,77.5833,57.54,51,91,4.97,IN,1632175122
Broken Hill,-31.95,141.4333,38.91,75,2,10.36,AU,1632175079
Pangnirtung,66.1451,-65.7125,33.8,75,75,8.05,CA,1632175123
Dolgoderevenskoye,55.3444,61.3444,43.14,75,20,6.71,RU,1632175123
Castro,-24.7911,-50.0119,72.95,53,50,2.33,BR,1632175124
Guymon,36.6828,-101.4816,80.55,19,0,16.2,US,1632175124
San Cristobal,7.7669,-72.225,80.78,80,89,4.21,VE,1632175125
Tymovskoye,50.8456,142.655,46.22,93,14,4.25,RU,1632175125
Sørland,67.667,12.6934,47.05,84,100,23.8,NO,1632175126
Vostok,46.4856,135.8833,46.6,97,100,3.94,RU,1632175126
Sokoto,13.0609,5.239,82.85,62,53,9.33,NG,1632175126
Ṭikāpur,28.5,81.1333,79.18,82,96,3.71,NP,1632175127
Iqaluit,63.7506,-68.5145,31.73,74,90,9.22,CA,1632175127
Campbell River,50.0163,-125.2446,56.73,94,90,11.5,CA,1632175104
Rørvik,64.8621,11.2373,48.61,69,100,28.01,NO,1632175128
Vanavara,60.34,102.2797,39.88,90,100,11.88,RU,1632175129
Izhma,65.0083,53.9113,34.45,91,99,4.56,RU,1632175129
Aklavik,68.2191,-135.0107,52.52,73,100,15.82,CA,1632175130
Yakeshi,49.2833,120.7333,46.67,78,100,5.12,CN,1632175130
Klaksvík,62.2266,-6.589,52.72,79,63,36.51,FO,1632175131
Vaitape,-16.5167,-151.75,78.73,70,27,12.1,PF,1632175132
Namatanai,-3.6667,152.4333,81.23,75,88,4.0,PG,1632175132
Pringsewu,-5.3582,104.9744,72.43,97,80,3.29,ID,1632175133
Monrovia,6.3005,-10.7969,77.86,83,90,4.99,LR,1632175133
Port Augusta,-32.5,137.7667,51.94,52,6,15.66,AU,1632175084
Marovoay,-16.1,46.6333,73.54,61,29,5.26,MG,1632175134
Inuvik,68.3499,-133.7218,52.56,48,75,2.3,CA,1632175134
Mareeba,-17.0,145.4333,65.12,63,99,1.43,AU,1632175135
Kiryat Gat,31.61,34.7642,79.48,68,0,4.56,IL,1632174904
Arraial do Cabo,-22.9661,-42.0278,71.56,88,20,24.16,BR,1632175135
Saint-Augustin,51.226,-58.6502,49.93,60,10,14.81,CA,1632175136
Mahébourg,-20.4081,57.7,70.09,68,75,13.8,MU,1632175136
Leshukonskoye,64.8989,45.7622,31.89,93,13,1.3,RU,1632175137
Balkanabat,39.5108,54.3671,77.61,22,0,12.41,TM,1632175137
Porangatu,-13.4408,-49.1486,90.14,14,11,4.52,BR,1632175138
Rio Grande,-32.035,-52.0986,68.11,99,99,5.61,BR,1632175138
Chitipa,-9.7024,33.2697,63.54,71,14,6.58,MW,1632175139
Decatur,39.8403,-88.9548,87.66,71,70,14.38,US,1632175139
Chokurdakh,70.6333,147.9167,26.37,76,97,7.34,RU,1632175140
Cabo San Lucas,22.8909,-109.9124,84.24,70,96,11.99,MX,1632174868
Hualmay,-11.0964,-77.6139,63.95,75,14,10.56,PE,1632175140
Linkuva,56.0856,23.9725,41.67,94,100,9.82,LT,1632175141
Saint-Pierre,-21.3393,55.4781,67.68,68,75,5.75,RE,1632175141
Alice Springs,-23.7,133.8833,51.35,40,9,11.5,AU,1632175027
Hastings,50.8552,0.5729,57.58,77,78,8.1,GB,1632175142
Poso,-1.3959,120.7524,74.79,94,100,2.57,ID,1632175142
Fort Nelson,58.8053,-122.7002,60.39,39,40,6.91,CA,1632175143
Seydi,39.4816,62.9137,65.93,15,0,10.54,TM,1632175143
João Câmara,-5.5375,-35.8197,78.04,72,74,15.3,BR,1632175144
Ferrol,43.4832,-8.2369,61.32,87,1,7.2,ES,1632175144
Ruwi,23.5996,58.5507,86.65,60,2,1.21,OM,1632175145
Kavieng,-2.5744,150.7967,82.15,73,100,6.04,PG,1632175145
Thompson,55.7435,-97.8558,53.76,62,75,13.8,CA,1632175146
Uyutnoye,45.1994,33.3014,61.92,65,91,13.22,UA,1632175146
Yining,29.0361,114.5636,64.45,85,0,1.9,CN,1632175147
Coahuayana Viejo,18.7333,-103.6833,86.18,70,36,4.74,MX,1632175147
Palmer,42.1584,-72.3287,67.62,69,4,4.63,US,1632175148
Nouakchott,18.0858,-15.9785,83.53,68,4,21.99,MR,1632175148
Lagoa,39.05,-27.9833,70.02,68,6,10.98,PT,1632175149
San Patricio,28.017,-97.5169,97.52,48,0,14.0,US,1632175149
Hudiksvall,61.729,17.1036,44.22,80,99,4.52,SE,1632175149
Colares,38.7992,-9.4469,69.48,77,0,17.81,PT,1632175150
Stettler,52.3168,-112.7186,62.35,36,8,11.5,CA,1632175150
Ciudad del Carmen,18.6333,-91.8333,88.56,59,53,0.25,MX,1632175151
Copiapó,-27.3667,-70.3333,55.09,35,0,5.79,CL,1632175151
Gongzhuling,43.5008,124.8198,57.9,91,100,15.95,CN,1632175152
Jalu,29.0331,21.5482,87.37,21,0,7.94,LY,1632175152
Hongjiang,27.11,109.9956,68.32,90,0,1.81,CN,1632175153
Guéret,46.1667,1.8667,54.23,98,83,1.19,FR,1632175153
Livingston,55.9029,-3.5226,53.96,88,20,10.36,GB,1632175154
Vincennes,48.85,2.4333,62.17,92,40,4.61,FR,1632175154
Murgab,37.4966,61.9714,66.07,42,0,4.61,TM,1632175155
Puerto Escondido,15.85,-97.0667,84.97,69,94,5.32,MX,1632175155
Hambantota,6.1241,81.1185,79.14,100,20,6.91,LK,1632175155
Rurrenabaque,-14.4413,-67.5278,90.81,38,70,2.28,BO,1632175156
Gijang,35.2442,129.2139,76.73,91,42,13.73,KR,1632175156
Tommot,58.9564,126.2925,32.29,93,1,3.06,RU,1632175157
Tyukhtet,56.5389,89.3011,36.55,92,100,9.22,RU,1632175157
Biak,-0.9131,122.8766,74.57,90,100,3.74,ID,1632175158
Fundong,6.25,10.2667,58.98,96,82,2.24,CM,1632175158
Naryan-Mar,67.6713,53.087,38.75,88,100,12.1,RU,1632175159
Krasnosel'kup,65.7,82.4667,29.73,93,99,15.39,RU,1632175160
‘Āhuimanu,21.4447,-157.8378,80.31,69,75,12.66,US,1632174964
At-Bashi,41.1702,75.8106,47.32,33,0,0.96,KG,1632175160
Tocopilla,-22.092,-70.1979,63.07,75,100,9.08,CL,1632175161
Hamilton,39.1834,-84.5333,74.17,94,90,8.05,US,1632174897
Aras,42.5617,-2.356,52.21,88,75,6.91,ES,1632175161
Khandyga,62.6667,135.6,33.82,97,100,1.01,RU,1632175162
Talāja,21.35,72.05,78.71,89,100,8.48,IN,1632175162
Kumul,42.8,93.45,73.54,28,100,3.09,CN,1632175163
Puerto Colombia,10.9878,-74.9547,82.49,73,100,12.33,CO,1632175163
Arman',59.7,150.1667,41.97,78,90,11.14,RU,1632175164
Lohja,60.2486,24.0653,40.78,82,100,5.95,FI,1632175164
Black River,18.0264,-77.8487,86.0,70,82,1.7,JM,1632175165
Muravlenko,63.7898,74.523,34.57,97,100,16.67,RU,1632175165
Luwuk,-0.9516,122.7875,75.99,92,100,3.31,ID,1632175166
Harper,4.375,-7.7169,77.27,86,44,6.62,LR,1632175166
Mezen',65.8522,44.24,33.35,89,41,1.01,RU,1632175167
Qaqortoq,60.7167,-46.0333,37.71,67,0,4.92,GL,1632175167
Mayo,38.8876,-76.5119,77.16,57,48,15.12,US,1632175168
Kismayo,-0.3582,42.5454,76.77,82,9,16.4,SO,1632175168
Okhotsk,59.3833,143.3,45.88,64,96,8.08,RU,1632175169
Oussouye,12.485,-16.5469,81.12,84,72,5.44,SN,1632175169
São João da Barra,-21.6403,-41.0511,75.29,85,4,16.53,BR,1632175169
Mil'kovo,54.7167,158.6167,41.85,96,100,5.32,RU,1632175170
Trincomalee,8.5711,81.2335,79.59,82,99,12.57,LK,1632175170
‘Ewa Beach,21.3156,-158.0072,83.57,57,1,16.11,US,1632174904
Pacific Grove,36.6177,-121.9166,90.0,64,0,8.48,US,1632175171
Santa Maria,-29.6842,-53.8069,76.3,83,75,4.61,BR,1632175171
Vic,41.9271,2.2497,54.7,93,100,1.01,ES,1632175172
Laufen,47.95,12.9333,53.58,87,75,0.0,DE,1632175172
San Javier,37.8063,-0.8374,76.71,73,40,6.91,ES,1632175173
Marathon,44.9,-89.7668,75.15,78,40,14.97,US,1632175173
Voh,-20.9667,164.7,74.77,52,25,6.93,NC,1632175174
Werda,-25.2667,23.2833,57.58,25,0,13.2,BW,1632175174
Batasan,12.7667,120.7833,79.54,80,80,2.44,PH,1632175175
Baturaja,-4.1333,104.1667,72.64,95,82,1.12,ID,1632175175
Peñón Blanco,24.7897,-104.0369,80.87,35,64,7.58,MX,1632175176
Ballina,-28.8667,153.5667,66.16,68,75,14.97,AU,1632175107
Vadsø,70.0744,29.7487,42.96,61,0,20.71,NO,1632175176
Morozovsk,48.3539,41.8261,59.61,72,35,7.0,RU,1632175177
Honiara,-9.4333,159.95,83.19,72,8,6.35,SB,1632175177
Poya,-21.35,165.15,72.63,58,65,6.44,NC,1632175178
Mount Gambier,-37.8333,140.7667,40.91,87,75,6.91,AU,1632175178
Necochea,-38.5473,-58.7368,48.61,76,0,13.62,AR,1632175067
Storsteinnes,69.2408,19.2344,44.6,80,1,7.87,NO,1632175179
Anan,33.9167,134.65,73.18,78,60,10.13,JP,1632175179
Panacan,9.2463,118.4082,77.85,85,99,1.16,PH,1632175180
Coyhaique,-45.5752,-72.0662,55.35,47,20,6.91,CL,1632175180
Örnsköldsvik,63.2909,18.7153,42.62,93,90,2.3,SE,1632175181
Krasnaya Polyana,56.242,51.1442,34.66,82,94,5.39,RU,1632175181
Amapala,13.2922,-87.6539,86.68,67,18,8.77,HN,1632175182
Valparaíso,-33.0393,-71.6273,71.24,46,0,17.27,CL,1632174997
Chapais,49.7834,-74.8492,74.98,39,6,10.22,CA,1632175182
Tyup,42.7276,78.3648,51.87,46,1,4.27,KG,1632175183
Talnakh,69.4865,88.3972,31.42,85,86,3.71,RU,1632175183
Bethanien,-26.502,17.1583,54.23,40,0,5.77,NA,1632175184
Hobyo,5.3505,48.5268,76.68,86,23,21.81,SO,1632175184
The Valley,18.217,-63.0578,85.86,79,20,8.05,AI,1632174909
Xianyang,34.3378,108.7026,58.24,94,0,2.24,CN,1632175185
Zandvoort,52.3749,4.5341,60.75,93,0,3.44,NL,1632175185
Srednekolymsk,67.45,153.6833,29.98,71,98,16.37,RU,1632175186
Bandarbeyla,9.4942,50.8122,77.23,84,90,26.73,SO,1632175186
Tual,-5.6667,132.75,80.64,81,100,14.09,ID,1632175186
Edd,13.9297,41.6925,87.46,69,100,7.18,ER,1632175187
Jijiga,9.35,42.8,63.1,89,22,7.27,ET,1632175187
San Angelo,31.4638,-100.437,100.58,18,70,13.69,US,1632175188
La Libertad,-2.2333,-80.9,71.26,83,90,14.97,EC,1632175188
Teahupoo,-17.8333,-149.2667,78.76,73,19,13.98,PF,1632175189
Maţāy,28.419,30.7792,83.25,38,0,16.87,EG,1632175189
Zheleznodorozhnyy,55.7503,38.0042,43.32,93,100,14.07,RU,1632175190
Yumen,40.2833,97.2,63.75,21,11,6.8,CN,1632175190
Rajanpur,29.1035,70.325,92.19,39,71,1.3,PK,1632175191
Leningradskiy,69.3833,178.4167,24.73,82,100,10.25,RU,1632175191
Barguzin,53.6167,109.6167,52.02,85,22,0.94,RU,1632175191
Teya,60.3778,92.6267,32.72,99,73,4.45,RU,1632175192
Mana,5.6592,-53.7767,81.09,81,57,10.71,GF,1632175192
Toora-Khem,52.4675,96.11,27.97,95,83,1.21,RU,1632175193
Dudinka,69.4058,86.1778,30.0,84,100,10.98,RU,1632175193
Bilibino,68.0546,166.4372,21.34,76,67,5.17,RU,1632175194
Loandjili,-4.7561,11.8578,77.11,83,75,9.22,CG,1632175194
Namwala,-15.7504,26.4384,70.45,32,0,4.45,ZM,1632175194
Anchorage,61.2181,-149.9003,48.96,75,100,12.75,US,1632175049
Elko,41.0002,-115.5012,62.26,18,1,2.77,US,1632175195
Priargunsk,50.3691,119.1012,46.85,82,100,4.18,RU,1632175196
Isiro,2.7739,27.616,66.87,99,86,1.86,CD,1632175197
Navalmoral de la Mata,39.8916,-5.5406,67.91,38,13,6.51,ES,1632175197
Āmol,36.4696,52.3507,69.37,90,1,5.39,IR,1632175198
Keti Bandar,24.1447,67.4497,82.56,83,42,18.45,PK,1632175198
Samoded,63.6083,40.5111,30.43,94,7,3.53,RU,1632175199
Beroroha,-21.6667,45.1667,68.99,57,12,3.09,MG,1632175199
Zhoucheng,35.9122,116.3117,61.79,93,0,6.11,CN,1632175200
Arona,28.0996,-16.681,68.52,57,20,14.97,ES,1632175200
Deputatsky,69.3,139.9,20.97,85,51,3.65,RU,1632175201
Laurel,39.0993,-76.8483,81.09,56,40,11.5,US,1632175006
Olinda,-8.0089,-34.8553,76.73,61,0,9.22,BR,1632175202
Chunskiy,56.0815,99.6342,35.6,97,29,3.87,RU,1632175203
Kashgar,39.4547,75.9797,70.21,16,1,5.64,CN,1632175204
Qandala,11.472,49.8728,87.28,64,3,2.66,SO,1632175204
Husavik,66.0449,-17.3389,40.64,94,100,17.78,IS,1632175205
Dobson,36.3957,-80.7226,77.0,65,1,8.05,US,1632175206
Safi,32.2994,-9.2372,69.58,86,30,14.81,MA,1632175206
Haileybury,47.449,-79.6373,71.67,46,86,9.82,CA,1632175207
Bāfq,31.6128,55.4107,80.58,13,16,1.25,IR,1632175207
Vestmannaeyjar,63.4427,-20.2734,49.33,73,100,15.9,IS,1632175208
Maraã,-1.8333,-65.3667,82.49,68,84,3.74,BR,1632175208
Lisala,2.15,21.5167,75.11,78,94,1.77,CD,1632175209
Kayerkan,69.3497,87.7602,30.4,91,97,9.04,RU,1632175210
Vanderhoof,54.0166,-124.0198,53.31,67,100,10.85,CA,1632175210
Ulaangom,49.9811,92.0667,40.17,63,2,2.1,MN,1632175197
Kununurra,-15.7667,128.7333,71.58,68,54,3.44,AU,1632175211
Divnomorskoye,44.5011,38.1353,64.85,86,15,2.89,RU,1632175211
Rūdsar,37.1376,50.288,70.63,88,6,4.59,IR,1632175212
Pozo Colorado,-23.4923,-58.7972,94.98,14,38,4.09,PY,1632175212
Sattahip,12.6664,100.9007,77.09,94,75,6.91,TH,1632175213
Barabai,-2.5833,115.3833,73.4,95,100,1.07,ID,1632175213
Mananara,-16.1667,49.7667,67.91,85,90,4.72,MG,1632175214
Klyuchi,52.2667,79.1667,35.31,80,33,8.43,RU,1632175214
Wuwei,37.9281,102.6414,60.75,29,1,4.38,CN,1632175215
Georgiyevka,43.0369,74.7114,46.44,76,20,0.0,KZ,1632175216
Merke,42.8728,73.1786,58.01,36,1,1.81,KZ,1632175216
Zhumadian,32.9794,114.0294,70.34,77,0,11.72,CN,1632175216
Bonoua,5.2741,-3.595,74.91,94,45,4.43,CI,1632175217
Sendafa,9.15,39.0333,52.77,76,89,3.18,ET,1632175218
Ajdabiya,30.7554,20.2263,84.45,31,0,10.92,LY,1632175218
Pemangkat,1.1667,108.9667,77.88,87,100,5.55,ID,1632175219
Semnan,35.5729,53.3971,76.21,22,0,5.23,IR,1632175219
Shenjiamen,29.9576,122.298,72.75,86,45,5.59,CN,1632175220
Karpogory,64.0019,44.4451,31.68,92,8,2.42,RU,1632175220
Barra de Tecoanapa,16.5167,-98.75,85.32,65,13,7.87,MX,1632175221
Narsaq,60.9167,-46.05,36.3,64,1,4.25,GL,1632175221
Mahibadhoo,3.7833,72.9667,82.29,75,19,11.61,MV,1632175222
Tena,-0.9833,-77.8167,86.16,67,91,2.04,EC,1632175193
Kavaratti,10.5669,72.642,81.32,79,99,11.9,IN,1632175223
Znamenskoye,57.1281,73.8282,37.26,96,100,10.16,RU,1632175223
Vilhena,-12.7406,-60.1458,85.48,28,19,3.15,BR,1632175224
Luganville,-15.5333,167.1667,77.45,75,62,11.68,VU,1632175224
Nantucket,41.2835,-70.0995,66.54,61,0,12.39,US,1632175088
Jumla,29.2747,82.1838,60.06,94,98,0.58,NP,1632175225
Teknāf,20.8624,92.3058,77.32,91,82,5.14,BD,1632175226
Morro Bay,35.3658,-120.8499,75.69,48,0,4.61,US,1632175064
Manado,1.487,124.8455,74.17,100,20,0.0,ID,1632175226
Tiznit Province,29.5833,-9.5,64.4,76,11,3.29,MA,1632175227
Bartica,6.4,-58.6167,76.93,93,98,2.46,GY,1632175227
Troitskoye,52.9821,84.6757,38.91,82,100,11.25,RU,1632175227
Ignacio Zaragoza,28.3833,-107.2167,76.55,34,100,9.33,MX,1632175228
Margate,51.3813,1.3862,55.26,83,5,7.94,GB,1632175228
Hirara,24.8,125.2833,80.87,94,40,4.61,JP,1632175229
Dongning,44.0622,131.1207,57.97,99,100,8.79,CN,1632175229
Mlonggo,-6.5333,110.7,76.89,77,100,4.27,ID,1632175230
Río Gallegos,-51.6226,-69.2181,52.97,56,100,9.53,AR,1632175230
Artigas,-30.4,-56.4667,64.53,90,63,16.53,UY,1632175231
Vanimo,-2.6741,141.3028,78.84,85,100,3.76,PG,1632175231
Paraná,-31.732,-60.5238,68.38,60,28,15.43,AR,1632175232
Ilebo,-4.3167,20.5833,76.55,61,50,0.96,CD,1632175232
Adrar,20.5022,-10.0711,94.28,21,7,14.43,MR,1632175233
Yar-Sale,66.8333,70.8333,36.07,98,100,12.71,RU,1632175233
Itararé,-24.1125,-49.3317,77.86,48,5,4.03,BR,1632175234
Amarante do Maranhão,-5.5667,-46.7422,89.82,30,61,6.71,BR,1632175235
Bar Harbor,44.3876,-68.2039,57.56,74,0,5.97,US,1632175235
Reconquista,-29.15,-59.65,67.62,80,92,18.14,AR,1632175158
Road Town,18.4167,-64.6167,84.24,84,40,6.91,VG,1632175236
Nyurba,63.2842,118.3319,29.28,79,99,6.31,RU,1632175236
Emboscada,-25.15,-57.35,91.49,21,15,2.44,PY,1632175237
Araouane,18.9048,-3.5265,97.92,12,12,7.72,ML,1632175237
Qasigiannguit,68.8193,-51.1922,28.65,81,99,4.61,GL,1632175238
Waipawa,-41.4122,175.5153,54.23,64,77,23.02,NZ,1632175238
Sabha,27.0377,14.4283,83.86,18,0,11.07,LY,1632175239
Ust'-Koksa,50.2696,85.6108,27.25,70,9,2.19,RU,1632175240
Lago da Pedra,-4.3333,-45.1667,82.0,59,95,5.41,BR,1632175240
Hoa Binh,20.8133,105.3383,74.98,96,8,2.1,VN,1632175241
Dunedin,-45.8742,170.5036,56.43,60,100,8.08,NZ,1632175242
Nelson Bay,-32.7167,152.15,55.45,63,40,15.9,AU,1632175243
Henties Bay,-22.116,14.2845,54.86,87,0,5.46,NA,1632175244
Havelock,34.8791,-76.9013,77.59,68,100,9.69,US,1632175245
Coquimbo,-29.9533,-71.3436,59.92,68,0,6.69,CL,1632175246
Lewistown,40.5992,-77.5714,74.61,68,85,0.0,US,1632175247
Tezu,27.9167,96.1667,73.36,84,49,4.12,IN,1632175247
Morón,-34.6534,-58.6198,61.02,67,92,11.99,AR,1632175248
Ishigaki,24.3448,124.1572,83.53,78,9,10.29,JP,1632175249
Tagusao,9.1924,117.8141,78.4,78,75,3.67,PH,1632175250
Malakal,9.5334,31.6605,71.62,96,97,5.3,SS,1632175251
Ingham,42.6,-84.3833,76.95,78,40,11.5,US,1632175252
Bereda,43.2686,-7.5406,56.95,83,55,3.76,ES,1632175253
Assaí,-23.3733,-50.8414,84.09,29,3,3.2,BR,1632175253
Lubango,-14.9172,13.4925,65.82,39,25,3.67,AO,1632175254
Bad Doberan,54.1071,11.9005,50.32,68,63,5.64,DE,1632175255
Praia,14.9215,-23.5087,80.74,88,64,8.23,CV,1632175256
Alta Floresta,-9.8756,-56.0861,90.7,26,70,1.45,BR,1632175257
Meadow Lake,34.8014,-106.5436,86.77,14,0,9.44,US,1632175250
Constitución,-35.3333,-72.4167,55.69,68,0,14.09,CL,1632175258
Nouadhibou,20.931,-17.0347,73.51,75,4,21.14,MR,1632175259
Pangody,65.85,74.4859,35.11,97,100,14.12,RU,1632175260
Vredendal,-31.6683,18.5012,51.39,61,0,5.82,ZA,1632175261
Rodolfo Sánchez Taboada,31.7167,-116.5667,76.57,59,2,7.61,MX,1632175262
Toribío,2.9548,-76.2684,74.66,83,89,0.85,CO,1632175262
Tara,56.8944,74.371,37.67,97,100,9.8,RU,1632175263
Maniitsoq,65.4167,-52.9,33.98,64,71,7.83,GL,1632175263
Pierre,44.3683,-100.351,71.4,25,89,17.96,US,1632175094
Poum,-20.2333,164.0167,72.12,68,87,18.97,NC,1632175264
Prachuap Khiri Khan,12.2167,99.75,71.29,95,100,2.04,TH,1632175265
Rock Sound,24.9,-76.2,83.75,72,11,11.27,BS,1632175219
Oriximiná,-1.7656,-55.8661,81.0,70,83,7.61,BR,1632175265
Dubbo,-32.25,148.6167,41.13,75,90,20.71,AU,1632175002
Antofagasta,-23.65,-70.4,59.14,78,100,6.31,CL,1632175266
Cheyenne,41.14,-104.8203,57.34,30,75,20.71,US,1632175267
